{
  "norm_stats": {
    "libero": {
      "mean": [
        0.061664074659347534,
        0.0869969055056572,
        -0.09146643429994583,
        0.0006279484368860722,
        0.005538022145628929,
        -0.0049823676235973835,
        -0.0552169606089592
      ],
      "std": [
        0.33525633811950684,
        0.37854841351509094,
        0.44347602128982544,
        0.03953477367758751,
        0.06331761181354523,
        0.07878989726305008,
        0.9984743595123291
      ],
      "q01": [
        -0.70725000007544,
        -0.80100000008544,
        -0.9375000001,
        -0.1146797123409713,
        -0.16290000004344002,
        -0.22396928025727622,
        -1.0000000001
      ],
      "q99": [
        0.93712500009996,
        0.8730000000931202,
        0.93712500009996,
        0.1328331467882879,
        0.19275000005139997,
        0.3395142861316598,
        0.9996000000999599
      ]
    }
  }
}